<keymap version="1" name="IntelliJ copy" parent="$default">
  <action id="$Redo">
    <keyboard-shortcut first-keystroke="ctrl y" />
  </action>
  <action id="$Undo">
    <keyboard-shortcut first-keystroke="ctrl z" />
  </action>
  <action id="ChangesView.ShelveSilently" />
  <action id="CloseContent">
    <keyboard-shortcut first-keystroke="ctrl w" />
  </action>
  <action id="Console.TableResult.DeleteRows" />
  <action id="Console.TableResult.NextPage" />
  <action id="Console.TableResult.PreviousPage" />
  <action id="DuplicateLinesDown">
    <keyboard-shortcut first-keystroke="shift ctrl down" />
  </action>
  <action id="DuplicateLinesUp">
    <keyboard-shortcut first-keystroke="shift ctrl up" />
  </action>
  <action id="Editor Redo">
    <keyboard-shortcut first-keystroke="ctrl y" />
  </action>
  <action id="EditorCloneCaretAbove">
    <keyboard-shortcut first-keystroke="ctrl alt up" />
  </action>
  <action id="EditorCloneCaretBelow">
    <keyboard-shortcut first-keystroke="ctrl alt down" />
  </action>
  <action id="EditorDeleteLine" />
  <action id="EditorSelectWord" />
  <action id="EditorToggleCase">
    <keyboard-shortcut first-keystroke="ctrl u" second-keystroke="s" />
  </action>
  <action id="GotoSuperMethod" />
  <action id="MethodHierarchy" />
  <action id="MethodHierarchy.BaseOnThisMethod" />
  <action id="MoveStatementDown" />
  <action id="MoveStatementUp" />
  <action id="NextOccurence" />
  <action id="PreviousOccurence" />
  <action id="RenameElement">
    <keyboard-shortcut first-keystroke="shift f6" />
    <keyboard-shortcut first-keystroke="ctrl r" />
  </action>
  <action id="Replace">
    <keyboard-shortcut first-keystroke="ctrl h" />
  </action>
  <action id="ReplaceInPath">
    <keyboard-shortcut first-keystroke="shift ctrl h" />
  </action>
  <action id="RiderUnitTestRunCurrentSessionTwAction" />
  <action id="ToggleInlayHintsGloballyAction">
    <keyboard-shortcut first-keystroke="alt h" />
  </action>
  <action id="org.intellij.plugins.markdown.ui.actions.styling.InsertImageAction" />
</keymap>